Dataset,List Size,Intersection Size,POG Designation,Value
GSE76275,5385,759,POG12,0.14094707520891364
GSE43358,1141,759,POG21,0.6652059596844873
