Dataset,List Size,Intersection Size,POG Designation,Value
GSE76275,4443,759,POG12,0.17083051991897366
GSE43358,935,759,POG21,0.8117647058823529
