Dataset,List Size,Intersection Size,POG Designation,Value
GSE76275,5519,837,POG12,0.151657909041493
GSE43358,1166,837,POG21,0.7178387650085764
