Dataset,List Size,Intersection Size,POG Designation,Value
GSE76275,680,31,POG12,0.045588235294117645
GSE43358,76,31,POG21,0.40789473684210525
