Dataset,List Size,Intersection Size,POG Designation,Value
GSE76275,783,31,POG12,0.03959131545338442
GSE43358,95,31,POG21,0.3263157894736842
