Dataset,List Size,Intersection Size,POG Designation,Value
GSE76275,783,32,POG12,0.04086845466155811
GSE43358,116,32,POG21,0.27586206896551724
